ID_Dettaglio,ID_Ordine,ID_Prodotto,Quantita
1,228,37,5
2,623,29,5
3,307,3,5
4,457,15,2
5,160,36,4
6,331,47,2
7,776,46,5
8,225,19,3
9,983,13,1
10,729,42,5
11,504,21,3
12,456,37,4
13,45,27,5
14,214,29,3
15,59,20,5
16,644,25,2
17,616,6,3
18,195,36,2
19,925,2,2
20,489,22,3
21,157,32,1
22,610,16,3
23,226,18,1
24,412,5,5
25,205,36,5
26,79,30,3
27,124,45,5
28,471,19,4
29,940,23,2
30,218,34,2
31,516,13,1
32,602,43,5
33,104,29,1
34,393,36,2
35,631,22,2
36,645,47,5
37,824,36,4
38,608,9,4
39,980,39,5
40,434,19,5
41,331,38,1
42,143,6,5
43,800,47,4
44,540,15,5
45,278,20,1
46,233,9,1
47,529,32,1
48,571,4,1
49,90,50,3
50,492,18,5
51,199,5,2
52,362,20,5
53,441,23,3
54,26,11,1
55,25,37,3
56,394,22,4
57,507,4,4
58,301,29,5
59,339,44,5
60,267,34,2
61,461,13,2
62,693,42,4
63,456,9,1
64,360,42,3
65,68,31,2
66,863,7,2
67,412,4,1
68,971,19,1
69,491,42,5
70,833,30,3
71,49,31,1
72,687,35,2
73,564,21,2
74,102,31,4
75,216,19,1
76,438,31,5
77,700,32,3
78,569,2,5
79,559,10,2
80,159,2,5
81,489,2,2
82,686,24,2
83,242,17,2
84,794,32,2
85,753,16,2
86,882,16,4
87,5,46,5
88,596,39,4
89,820,31,4
90,361,43,1
91,459,24,1
92,248,1,1
93,566,11,3
94,673,21,1
95,946,4,5
96,422,7,4
97,923,26,5
98,738,47,1
99,15,50,3
100,736,12,3
101,573,31,4
102,122,17,5
103,277,33,2
104,558,11,5
105,453,28,1
106,390,32,2
107,294,1,3
108,574,47,4
109,598,28,4
110,446,42,3
111,210,7,1
112,590,2,3
113,714,42,1
114,302,24,2
115,909,4,3
116,223,44,1
117,734,19,2
118,3,26,3
119,990,11,4
120,518,40,3
121,93,50,5
122,520,43,3
123,428,11,5
124,493,45,2
125,235,3,3
126,620,12,2
127,161,3,2
128,721,42,1
129,752,27,2
130,331,49,2
131,333,2,3
132,50,49,3
133,523,16,4
134,863,2,1
135,668,30,2
136,492,20,1
137,582,38,5
138,681,28,2
139,272,25,1
140,580,32,4
141,867,10,4
142,252,42,2
143,560,40,5
144,696,33,4
145,832,13,4
146,699,41,5
147,90,42,1
148,446,47,4
149,332,37,3
150,139,16,4
151,357,45,1
152,601,22,1
153,274,20,2
154,19,50,3
155,983,43,1
156,311,27,5
157,870,41,3
158,886,16,3
159,978,34,5
160,154,32,4
161,390,26,5
162,260,25,5
163,620,2,4
164,883,12,4
165,797,40,4
166,571,9,4
167,125,12,4
168,354,26,5
169,273,9,2
170,619,10,2
171,811,32,1
172,245,34,2
173,848,48,2
174,450,20,5
175,930,39,4
176,247,2,4
177,520,1,5
178,141,36,2
179,362,24,5
180,8,27,1
181,478,2,4
182,352,31,3
183,996,14,1
184,495,2,1
185,606,29,5
186,833,15,2
187,427,12,4
188,39,37,3
189,593,28,1
190,187,20,3
191,596,39,2
192,600,24,2
193,754,21,3
194,854,10,4
195,93,46,2
196,86,14,3
197,44,37,1
198,137,18,3
199,421,24,3
200,74,14,5
201,548,34,2
202,613,12,4
203,988,22,4
204,512,6,5
205,156,36,4
206,938,45,3
207,255,36,5
208,171,22,1
209,981,14,2
210,728,16,2
211,170,36,2
212,764,25,3
213,872,32,1
214,322,33,5
215,567,45,5
216,456,36,2
217,944,20,1
218,603,18,1
219,790,38,1
220,613,3,4
221,155,23,4
222,889,32,2
223,349,45,1
224,451,16,1
225,876,5,5
226,653,4,5
227,173,21,2
228,10,40,1
229,740,14,2
230,265,39,5
231,438,31,5
232,760,14,4
233,247,6,2
234,667,12,2
235,546,16,1
236,499,17,1
237,129,45,4
238,672,23,3
239,601,14,3
240,605,7,3
241,327,46,2
242,753,32,2
243,835,15,5
244,980,44,2
245,404,17,2
246,629,41,2
247,606,47,4
248,675,44,2
249,611,34,1
250,625,5,1
251,359,45,5
252,603,27,4
253,858,23,1
254,718,40,4
255,17,14,4
256,274,15,5
257,685,43,4
258,116,33,2
259,861,31,4
260,980,35,5
261,693,17,5
262,91,28,5
263,82,19,1
264,324,46,2
265,961,23,1
266,114,32,3
267,769,40,2
268,58,13,4
269,154,20,5
270,877,35,3
271,404,5,2
272,628,9,1
273,855,29,5
274,266,6,1
275,315,25,2
276,715,31,2
277,41,22,3
278,105,2,4
279,901,45,1
280,890,5,3
281,193,27,5
282,401,25,4
283,278,8,3
284,354,1,1
285,749,20,2
286,937,44,5
287,733,23,1
288,580,32,4
289,709,11,4
290,256,39,2
291,651,47,2
292,824,24,5
293,947,11,5
294,661,29,2
295,99,26,2
296,588,16,4
297,282,35,2
298,883,20,3
299,403,46,1
300,109,3,2
301,700,1,5
302,199,47,3
303,303,1,5
304,327,17,3
305,154,2,2
306,552,29,1
307,645,20,5
308,405,6,3
309,462,8,4
310,132,29,2
311,791,48,1
312,874,33,2
313,84,3,4
314,399,35,1
315,754,5,4
316,628,27,2
317,109,44,3
318,221,12,2
319,904,20,2
320,553,45,2
321,368,20,5
322,147,9,4
323,112,39,4
324,615,4,4
325,558,19,5
326,924,38,3
327,494,27,2
328,505,45,3
329,475,43,5
330,836,13,4
331,890,13,2
332,271,22,1
333,995,28,1
334,421,47,3
335,897,45,4
336,707,22,1
337,367,43,3
338,280,19,5
339,283,8,3
340,40,8,3
341,959,42,3
342,189,26,2
343,164,48,3
344,994,26,3
345,989,23,2
346,536,43,2
347,536,13,5
348,4,28,4
349,835,9,1
350,290,20,1
351,953,19,3
352,433,48,5
353,471,39,3
354,181,12,1
355,248,15,2
356,628,31,4
357,279,14,5
358,877,11,2
359,581,26,4
360,863,42,5
361,254,27,5
362,181,11,1
363,830,38,2
364,681,34,5
365,825,43,5
366,509,19,4
367,761,6,1
368,700,46,3
369,566,38,1
370,326,49,3
371,357,42,2
372,825,28,2
373,650,1,5
374,680,35,2
375,391,40,5
376,615,8,1
377,934,47,2
378,85,7,1
379,317,11,1
380,212,39,2
381,515,4,1
382,384,25,2
383,691,12,2
384,342,26,2
385,815,38,3
386,964,46,1
387,988,12,4
388,844,43,2
389,38,37,1
390,511,46,5
391,420,24,2
392,751,16,2
393,169,13,4
394,965,25,3
395,909,4,3
396,343,11,2
397,826,32,1
398,306,49,5
399,542,7,5
400,702,46,1
401,869,11,2
402,537,28,5
403,112,41,3
404,411,23,1
405,947,45,4
406,206,23,2
407,185,50,1
408,382,28,5
409,496,43,2
410,379,47,3
411,47,26,2
412,886,25,2
413,740,29,3
414,551,19,3
415,528,33,2
416,504,36,3
417,22,14,1
418,213,14,3
419,310,35,3
420,661,30,2
421,968,28,1
422,753,17,4
423,272,3,4
424,571,16,5
425,799,46,3
426,938,30,3
427,202,29,1
428,32,45,4
429,443,15,5
430,162,46,1
431,767,25,3
432,254,38,4
433,521,42,5
434,977,47,2
435,651,38,4
436,480,23,5
437,10,25,1
438,726,42,2
439,505,7,5
440,785,22,5
441,836,17,3
442,560,18,4
443,436,49,3
444,111,41,2
445,153,10,5
446,635,10,3
447,917,7,4
448,869,48,2
449,102,50,1
450,753,38,3
451,833,27,2
452,191,33,1
453,729,1,3
454,563,44,2
455,804,34,2
456,81,4,3
457,489,17,2
458,895,4,5
459,88,43,3
460,194,26,2
461,104,4,1
462,783,1,1
463,96,7,5
464,423,30,3
465,891,50,2
466,198,9,2
467,1,35,1
468,407,8,5
469,378,24,1
470,167,19,1
471,509,36,5
472,638,50,3
473,313,43,2
474,593,27,3
475,418,32,4
476,763,14,4
477,681,18,4
478,477,28,5
479,73,29,1
480,141,16,3
481,582,35,2
482,262,47,4
483,340,31,3
484,308,4,4
485,245,37,4
486,515,17,2
487,337,39,5
488,575,48,1
489,561,46,5
490,76,26,3
491,880,48,5
492,175,39,3
493,109,41,3
494,183,4,1
495,192,30,2
496,65,30,1
497,849,22,5
498,963,11,3
499,474,2,4
500,783,44,4
501,100,12,3
502,544,30,1
503,864,36,2
504,128,18,1
505,452,26,3
506,914,7,3
507,369,1,2
508,851,26,5
509,43,23,5
510,884,26,2
511,419,45,5
512,488,6,4
513,78,6,5
514,826,44,5
515,801,8,5
516,270,24,4
517,674,22,5
518,701,19,4
519,759,37,2
520,900,18,1
521,728,31,2
522,315,37,1
523,925,30,2
524,851,42,1
525,902,33,1
526,889,10,3
527,993,37,1
528,945,12,1
529,168,30,3
530,339,27,5
531,193,39,5
532,453,9,3
533,283,21,4
534,336,12,1
535,390,29,1
536,1000,33,3
537,525,43,3
538,240,15,4
539,832,2,5
540,958,39,2
541,483,44,5
542,659,18,1
543,716,3,3
544,592,7,4
545,891,43,5
546,555,18,4
547,458,44,5
548,89,38,1
549,660,37,2
550,95,33,4
551,452,44,4
552,428,31,2
553,151,11,4
554,514,4,4
555,376,18,5
556,22,4,5
557,883,49,2
558,313,34,1
559,997,29,4
560,840,24,1
561,519,22,2
562,206,2,2
563,952,44,5
564,375,6,4
565,451,42,3
566,626,25,2
567,784,21,4
568,595,16,1
569,179,31,5
570,210,14,1
571,500,39,2
572,464,28,2
573,840,32,1
574,124,28,2
575,993,49,4
576,113,9,2
577,12,45,5
578,126,22,4
579,565,32,3
580,331,5,2
581,901,23,2
582,283,5,5
583,140,42,5
584,401,32,1
585,902,10,1
586,97,39,1
587,517,15,5
588,569,7,1
589,924,29,1
590,846,47,3
591,69,3,1
592,118,19,2
593,888,10,5
594,59,28,4
595,33,29,3
596,318,15,5
597,50,35,5
598,880,6,2
599,489,12,1
600,19,47,2
601,726,38,1
602,197,13,1
603,891,29,5
604,450,19,1
605,990,3,3
606,559,8,3
607,679,8,3
608,452,20,5
609,289,47,2
610,141,4,4
611,84,21,1
612,694,3,4
613,391,45,2
614,591,8,2
615,215,23,5
616,526,16,3
617,215,13,3
618,403,3,2
619,128,48,5
620,822,9,5
621,477,14,1
622,760,13,3
623,404,7,2
624,29,15,4
625,792,7,3
626,338,38,1
627,831,34,5
628,714,41,2
629,361,22,3
630,569,24,4
631,392,49,1
632,218,37,1
633,574,44,3
634,669,1,4
635,202,10,1
636,17,43,2
637,322,16,1
638,518,46,4
639,570,8,5
640,325,49,5
641,412,25,3
642,318,50,4
643,681,12,1
644,965,25,1
645,82,17,5
646,474,26,5
647,468,46,2
648,425,48,5
649,945,14,2
650,731,41,1
651,689,36,2
652,204,23,2
653,583,43,3
654,387,6,5
655,778,47,2
656,98,5,1
657,345,43,4
658,803,25,2
659,208,18,5
660,514,13,3
661,636,43,1
662,792,14,3
663,586,28,4
664,166,18,2
665,22,28,2
666,154,27,5
667,939,32,2
668,439,47,1
669,295,9,4
670,219,40,3
671,669,32,4
672,495,20,2
673,230,28,3
674,20,33,5
675,987,4,4
676,553,46,3
677,950,34,3
678,148,48,3
679,108,3,1
680,403,26,4
681,596,8,3
682,483,6,4
683,367,16,3
684,834,24,5
685,414,48,5
686,309,39,5
687,802,30,2
688,918,45,3
689,835,13,2
690,134,5,4
691,719,25,2
692,283,20,4
693,778,18,4
694,73,47,4
695,481,18,2
696,352,2,3
697,560,10,2
698,326,45,3
699,745,50,3
700,443,47,4
701,100,12,2
702,59,47,3
703,508,13,5
704,258,50,3
705,413,47,5
706,452,11,2
707,65,19,2
708,595,35,2
709,154,39,3
710,985,26,1
711,266,46,3
712,821,14,3
713,79,45,4
714,315,44,4
715,662,24,3
716,947,41,5
717,560,1,4
718,917,43,3
719,891,22,1
720,248,23,5
721,790,19,2
722,868,18,3
723,610,12,3
724,414,28,5
725,25,28,4
726,284,33,4
727,449,19,4
728,881,28,2
729,301,49,5
730,68,37,5
731,7,26,4
732,817,35,4
733,137,34,1
734,164,35,1
735,83,40,3
736,897,16,3
737,650,38,5
738,420,13,5
739,73,23,2
740,237,22,2
741,46,16,1
742,618,28,3
743,928,48,1
744,800,35,1
745,262,45,3
746,176,46,2
747,166,8,3
748,657,44,4
749,842,22,4
750,370,21,4
751,795,26,5
752,54,40,2
753,690,21,2
754,419,25,5
755,756,41,1
756,507,1,4
757,341,6,4
758,127,23,1
759,409,23,3
760,924,43,3
761,367,43,2
762,271,23,5
763,644,32,2
764,605,30,3
765,379,13,1
766,73,43,2
767,923,18,4
768,922,23,4
769,915,15,1
770,248,33,3
771,860,21,4
772,785,39,4
773,43,23,5
774,377,27,2
775,41,45,3
776,170,44,2
777,946,18,3
778,212,24,4
779,493,47,5
780,680,40,2
781,39,42,4
782,369,7,3
783,757,50,2
784,151,48,2
785,111,20,4
786,480,27,2
787,436,6,5
788,47,27,5
789,575,9,4
790,737,45,3
791,366,31,4
792,69,21,5
793,299,26,1
794,944,40,1
795,802,48,2
796,296,45,2
797,203,13,1
798,61,49,5
799,946,23,2
800,963,20,4
801,830,37,4
802,314,28,5
803,161,17,2
804,331,28,4
805,528,41,2
806,338,2,2
807,606,25,4
808,304,50,1
809,503,41,4
810,650,6,5
811,338,11,3
812,550,38,4
813,639,6,2
814,275,45,2
815,164,11,4
816,443,14,3
817,319,2,4
818,589,40,3
819,504,3,3
820,686,35,5
821,387,33,2
822,970,24,2
823,870,19,3
824,833,18,2
825,888,49,1
826,603,24,3
827,750,45,2
828,776,35,1
829,691,1,5
830,494,36,2
831,490,25,1
832,721,45,4
833,73,49,4
834,509,43,1
835,390,34,3
836,619,25,3
837,857,16,2
838,295,34,4
839,369,29,3
840,956,19,3
841,796,23,4
842,865,19,5
843,694,25,3
844,549,16,1
845,649,9,2
846,850,1,3
847,568,42,3
848,187,19,5
849,853,33,1
850,770,34,2
851,445,16,3
852,570,44,2
853,363,40,4
854,123,18,3
855,188,34,3
856,742,25,4
857,680,45,5
858,420,6,3
859,626,21,2
860,252,6,1
861,619,32,2
862,549,41,5
863,335,48,1
864,92,43,2
865,530,39,2
866,866,31,4
867,63,42,5
868,662,10,4
869,512,30,1
870,139,18,4
871,698,24,5
872,185,9,3
873,205,31,3
874,772,15,1
875,214,4,3
876,256,40,4
877,135,9,1
878,573,45,5
879,875,9,1
880,822,26,1
881,88,4,2
882,836,17,2
883,988,16,1
884,207,15,3
885,129,35,2
886,823,5,5
887,3,5,4
888,974,20,2
889,934,15,1
890,754,18,3
891,121,47,4
892,385,2,2
893,614,29,3
894,38,13,3
895,341,4,3
896,925,42,1
897,645,45,5
898,714,10,3
899,860,31,4
900,21,41,2
901,242,8,4
902,455,3,1
903,963,48,1
904,621,46,4
905,303,9,5
906,596,30,1
907,595,11,1
908,803,35,4
909,964,37,1
910,69,42,5
911,129,13,5
912,196,36,5
913,140,13,2
914,444,12,5
915,283,37,5
916,312,10,2
917,746,9,3
918,535,7,1
919,665,2,5
920,277,23,1
921,61,39,4
922,319,40,1
923,890,39,2
924,52,21,1
925,856,23,1
926,153,29,1
927,749,14,3
928,311,26,3
929,814,5,4
930,544,31,2
931,567,25,1
932,864,31,1
933,389,50,1
934,548,20,1
935,622,44,3
936,177,17,4
937,362,45,5
938,314,2,2
939,807,25,1
940,848,13,4
941,97,39,5
942,881,28,4
943,213,42,3
944,829,6,5
945,137,3,4
946,6,35,3
947,109,18,4
948,547,11,4
949,39,20,5
950,662,5,3
951,425,19,1
952,630,22,2
953,261,19,5
954,426,47,3
955,87,16,4
956,465,24,3
957,76,41,2
958,471,4,2
959,976,15,1
960,963,25,1
961,414,44,2
962,825,35,5
963,895,14,5
964,726,49,4
965,457,19,1
966,285,38,4
967,239,36,1
968,677,7,2
969,599,30,5
970,653,19,5
971,672,49,2
972,558,25,4
973,372,16,4
974,495,47,3
975,624,40,1
976,919,8,4
977,45,18,2
978,401,28,4
979,247,16,5
980,616,19,1
981,597,42,3
982,450,17,1
983,485,45,5
984,646,13,5
985,620,7,5
986,18,27,5
987,606,10,2
988,662,34,3
989,758,36,5
990,289,25,5
991,414,6,4
992,721,24,3
993,638,18,1
994,235,23,3
995,416,6,3
996,938,29,3
997,499,25,5
998,974,17,5
999,634,46,2
1000,650,24,1
1001,115,11,4
1002,932,26,3
1003,674,34,1
1004,713,28,1
1005,234,3,2
1006,540,11,4
1007,11,38,3
1008,206,14,4
1009,679,26,2
1010,247,48,5
1011,559,21,1
1012,758,39,3
1013,127,30,5
1014,147,8,2
1015,118,20,4
1016,911,48,1
1017,382,32,3
1018,412,22,5
1019,664,7,5
1020,584,9,1
1021,363,45,4
1022,509,1,2
1023,137,29,4
1024,175,8,4
1025,289,4,4
1026,958,35,1
1027,481,3,1
1028,19,45,2
1029,195,40,4
1030,330,7,1
1031,936,27,2
1032,175,1,2
1033,449,27,4
1034,925,16,3
1035,946,38,4
1036,354,7,3
1037,499,44,2
1038,141,23,1
1039,758,41,5
1040,897,11,2
1041,930,42,1
1042,93,33,2
1043,944,50,4
1044,239,36,3
1045,205,37,2
1046,560,41,1
1047,433,17,4
1048,245,35,5
1049,832,48,4
1050,317,5,3
1051,925,48,4
1052,295,32,5
1053,640,3,1
1054,856,47,2
1055,282,35,3
1056,17,14,5
1057,71,48,3
1058,269,31,4
1059,325,31,3
1060,794,17,5
1061,305,24,2
1062,451,23,2
1063,7,18,3
1064,314,50,1
1065,817,14,3
1066,103,50,4
1067,821,15,2
1068,193,15,2
1069,753,6,2
1070,574,27,1
1071,529,15,1
1072,171,50,5
1073,537,36,3
1074,251,8,3
1075,765,15,4
1076,387,3,2
1077,207,47,1
1078,541,13,4
1079,629,41,4
1080,416,34,1
1081,794,24,3
1082,380,40,2
1083,144,32,3
1084,25,32,4
1085,822,30,2
1086,668,49,5
1087,73,13,4
1088,632,1,3
1089,824,34,3
1090,833,15,3
1091,93,44,1
1092,505,14,4
1093,598,29,2
1094,336,34,3
1095,425,18,3
1096,499,7,1
1097,364,29,2
1098,947,31,4
1099,630,25,5
1100,745,38,1
1101,199,14,4
1102,718,8,5
1103,413,27,3
1104,339,2,3
1105,659,17,2
1106,962,37,5
1107,937,14,3
1108,429,25,3
1109,783,30,2
1110,899,29,4
1111,139,20,3
1112,693,21,1
1113,942,22,1
1114,542,35,4
1115,57,37,5
1116,232,16,2
1117,658,50,1
1118,435,49,1
1119,384,43,4
1120,560,17,5
1121,194,16,5
1122,736,2,4
1123,648,4,1
1124,534,21,2
1125,518,39,1
1126,716,34,5
1127,751,30,1
1128,185,6,2
1129,872,17,3
1130,292,39,1
1131,335,25,4
1132,732,5,3
1133,116,5,4
1134,825,20,4
1135,49,16,4
1136,685,41,1
1137,82,37,5
1138,834,40,3
1139,333,9,2
1140,557,5,5
1141,335,42,1
1142,532,2,4
1143,960,9,2
1144,221,43,3
1145,635,36,5
1146,746,22,5
1147,733,22,2
1148,323,22,1
1149,851,34,3
1150,3,29,2
1151,694,38,4
1152,206,46,3
1153,832,33,5
1154,40,18,2
1155,59,7,5
1156,951,1,5
1157,574,33,5
1158,644,1,1
1159,507,24,5
1160,572,4,4
1161,884,4,4
1162,843,18,3
1163,122,27,5
1164,479,43,5
1165,619,32,2
1166,96,33,1
1167,859,28,3
1168,414,42,5
1169,235,41,2
1170,898,36,1
1171,62,6,3
1172,256,16,3
1173,561,34,5
1174,905,23,3
1175,348,50,2
1176,671,42,3
1177,124,24,4
1178,482,49,2
1179,317,13,1
1180,504,18,1
1181,719,13,5
1182,48,49,5
1183,409,37,4
1184,932,43,1
1185,136,39,1
1186,201,42,1
1187,250,17,1
1188,314,15,3
1189,869,18,2
1190,368,23,2
1191,429,30,4
1192,830,34,3
1193,807,4,1
1194,480,3,1
1195,314,7,5
1196,500,18,5
1197,721,42,4
1198,355,7,1
1199,485,40,4
1200,211,6,3
1201,704,22,2
1202,44,1,1
1203,541,4,3
1204,571,46,1
1205,583,49,5
1206,92,50,4
1207,265,43,5
1208,895,29,2
1209,220,21,5
1210,902,26,1
1211,925,14,5
1212,442,9,1
1213,401,47,2
1214,400,12,5
1215,727,42,4
1216,991,6,4
1217,899,20,4
1218,789,24,5
1219,576,27,5
1220,858,38,5
1221,804,8,1
1222,490,1,2
1223,485,49,4
1224,757,49,1
1225,470,24,4
1226,574,47,1
1227,938,7,5
1228,844,19,4
1229,682,22,5
1230,445,35,4
1231,269,30,3
1232,267,29,1
1233,54,22,3
1234,528,11,1
1235,520,20,2
1236,616,29,4
1237,59,41,2
1238,825,42,2
1239,40,34,1
1240,237,1,3
1241,955,31,5
1242,386,30,1
1243,606,48,5
1244,734,18,2
1245,716,17,5
1246,650,38,3
1247,300,14,1
1248,395,23,3
1249,207,25,3
1250,336,15,1
1251,593,46,3
1252,730,22,4
1253,514,3,4
1254,178,19,4
1255,396,44,5
1256,371,34,3
1257,858,35,1
1258,791,50,1
1259,658,1,5
1260,318,21,1
1261,736,29,4
1262,369,6,3
1263,384,37,1
1264,62,1,1
1265,806,1,2
1266,505,27,2
1267,239,21,2
1268,195,16,3
1269,678,44,4
1270,963,40,4
1271,222,26,4
1272,61,16,3
1273,129,28,3
1274,990,1,2
1275,685,36,1
1276,992,10,5
1277,156,43,5
1278,917,17,1
1279,378,23,2
1280,622,7,1
1281,781,44,1
1282,923,7,5
1283,868,44,2
1284,903,15,3
1285,790,34,5
1286,586,46,3
1287,999,45,2
1288,437,4,1
1289,975,14,4
1290,207,14,4
1291,388,16,2
1292,480,7,4
1293,791,32,3
1294,887,19,4
1295,838,2,2
1296,984,10,2
1297,340,50,3
1298,869,17,4
1299,340,37,4
1300,204,12,1
1301,161,6,5
1302,540,22,2
1303,392,32,1
1304,769,41,2
1305,677,20,1
1306,575,1,5
1307,534,47,1
1308,70,6,2
1309,893,19,4
1310,405,18,2
1311,608,6,3
1312,675,45,3
1313,591,33,3
1314,517,23,3
1315,828,23,5
1316,120,26,4
1317,814,13,4
1318,690,7,2
1319,688,15,1
1320,902,44,2
1321,217,27,2
1322,56,26,2
1323,366,33,2
1324,699,15,4
1325,504,36,1
1326,744,45,2
1327,767,27,4
1328,925,5,2
1329,455,2,3
1330,104,33,2
1331,77,16,2
1332,230,23,5
1333,914,38,3
1334,258,16,1
1335,264,14,2
1336,331,29,1
1337,993,26,3
1338,182,35,2
1339,893,15,5
1340,768,3,4
1341,550,23,5
1342,688,29,5
1343,27,34,4
1344,276,33,4
1345,652,41,4
1346,299,41,2
1347,957,23,1
1348,799,7,1
1349,91,3,4
1350,480,32,5
1351,573,31,3
1352,458,18,4
1353,451,43,5
1354,365,7,5
1355,859,41,2
1356,675,1,2
1357,351,14,1
1358,655,32,1
1359,400,6,3
1360,253,39,3
1361,781,10,3
1362,881,7,3
1363,803,26,5
1364,459,34,5
1365,699,30,1
1366,917,36,2
1367,499,21,2
1368,950,17,4
1369,971,33,5
1370,926,10,3
1371,508,47,3
1372,304,42,4
1373,501,12,2
1374,803,16,3
1375,598,41,2
1376,166,32,4
1377,415,15,2
1378,462,27,2
1379,920,28,2
1380,114,17,3
1381,433,46,1
1382,992,50,5
1383,356,2,2
1384,928,36,2
1385,695,50,2
1386,207,7,1
1387,768,13,4
1388,235,15,3
1389,442,25,1
1390,355,23,2
1391,515,22,1
1392,208,26,1
1393,709,33,1
1394,853,11,4
1395,125,10,5
1396,138,25,3
1397,339,37,4
1398,537,48,4
1399,68,43,5
1400,573,38,4
1401,541,41,1
1402,383,45,1
1403,19,24,2
1404,683,40,4
1405,450,46,2
1406,74,33,3
1407,573,17,1
1408,939,24,3
1409,665,37,5
1410,276,2,1
1411,48,32,3
1412,211,24,5
1413,855,9,3
1414,920,4,5
1415,651,17,5
1416,622,17,1
1417,994,50,2
1418,695,48,5
1419,540,30,5
1420,709,40,1
1421,191,11,2
1422,315,21,4
1423,901,21,4
1424,563,18,2
1425,661,29,3
1426,780,24,1
1427,562,10,2
1428,900,45,4
1429,758,17,5
1430,113,18,4
1431,170,42,5
1432,468,48,1
1433,678,20,5
1434,921,37,2
1435,14,45,5
1436,715,18,3
1437,288,17,2
1438,907,9,1
1439,189,14,2
1440,914,49,3
1441,155,29,1
1442,567,31,4
1443,694,4,3
1444,722,18,1
1445,888,20,5
1446,471,47,2
1447,75,43,1
1448,277,44,2
1449,940,9,5
1450,645,13,1
1451,343,15,4
1452,425,27,3
1453,571,15,1
1454,511,28,5
1455,857,37,1
1456,182,19,2
1457,458,26,1
1458,918,26,4
1459,851,25,1
1460,833,26,3
1461,64,26,1
1462,839,46,2
1463,260,28,1
1464,193,49,4
1465,655,18,5
1466,616,32,1
1467,972,3,1
1468,406,2,3
1469,726,33,4
1470,754,42,5
1471,943,19,2
1472,721,17,1
1473,93,44,5
1474,430,33,2
1475,654,12,4
1476,434,49,4
1477,404,3,5
1478,434,43,2
1479,112,49,4
1480,929,26,5
1481,375,35,4
1482,59,8,4
1483,43,36,4
1484,207,7,3
1485,780,46,2
1486,296,46,5
1487,118,36,5
1488,532,16,2
1489,222,24,2
1490,166,1,2
1491,643,49,2
1492,156,25,1
1493,184,10,5
1494,90,16,1
1495,94,16,4
1496,13,8,4
1497,973,29,5
1498,834,39,4
1499,805,28,2
1500,945,6,1
1501,742,16,2
1502,834,20,4
1503,804,16,1
1504,438,7,2
1505,538,41,5
1506,587,14,2
1507,968,43,4
1508,876,26,1
1509,936,26,5
1510,811,14,1
1511,150,7,5
1512,660,33,1
1513,8,26,4
1514,29,45,5
1515,296,20,3
1516,986,3,1
1517,926,4,1
1518,721,26,2
1519,640,11,5
1520,340,2,3
1521,628,14,4
1522,439,44,2
1523,144,30,3
1524,942,49,5
1525,830,12,3
1526,747,26,1
1527,519,44,1
1528,976,33,2
1529,45,13,5
1530,955,14,5
1531,239,24,3
1532,952,34,2
1533,944,44,5
1534,155,26,1
1535,181,21,3
1536,215,28,4
1537,88,48,1
1538,256,36,2
1539,511,40,5
1540,73,2,1
1541,931,42,4
1542,179,9,4
1543,212,23,2
1544,805,15,1
1545,234,13,3
1546,465,23,1
1547,751,17,4
1548,223,48,2
1549,631,2,2
1550,825,20,3
1551,264,20,2
1552,207,46,2
1553,607,3,2
1554,885,12,2
1555,734,40,2
1556,366,2,4
1557,276,36,1
1558,380,14,5
1559,743,16,2
1560,309,19,5
1561,631,34,5
1562,268,44,4
1563,945,46,2
1564,785,6,5
1565,64,13,2
1566,810,36,3
1567,350,22,3
1568,925,18,3
1569,915,12,5
1570,494,30,3
1571,523,40,4
1572,98,7,4
1573,946,32,5
1574,71,48,2
1575,364,19,1
1576,570,6,2
1577,802,20,2
1578,763,27,2
1579,276,43,2
1580,50,37,1
1581,358,48,3
1582,728,7,2
1583,906,5,4
1584,928,11,5
1585,564,15,5
1586,783,3,4
1587,485,5,2
1588,84,23,1
1589,899,37,3
1590,805,9,5
1591,638,15,3
1592,808,3,1
1593,584,29,5
1594,296,6,3
1595,236,17,1
1596,56,26,3
1597,919,21,2
1598,360,8,1
1599,907,21,3
1600,110,11,2
1601,192,38,2
1602,904,8,1
1603,93,42,4
1604,862,24,5
1605,568,35,1
1606,60,14,2
1607,650,14,2
1608,39,10,1
1609,540,12,4
1610,49,38,5
1611,420,44,3
1612,637,46,1
1613,13,34,5
1614,992,41,5
1615,36,10,2
1616,101,17,3
1617,794,17,1
1618,86,3,2
1619,516,31,2
1620,223,1,4
1621,338,12,5
1622,960,39,1
1623,166,4,1
1624,383,42,1
1625,856,13,2
1626,895,34,4
1627,376,42,3
1628,471,21,2
1629,790,22,3
1630,642,4,4
1631,31,18,5
1632,375,5,1
1633,11,19,3
1634,988,2,2
1635,302,12,3
1636,96,17,5
1637,190,10,1
1638,453,34,3
1639,192,6,5
1640,486,8,2
1641,266,11,4
1642,424,12,2
1643,128,9,1
1644,238,2,2
1645,920,8,2
1646,355,11,2
1647,940,36,2
1648,112,10,1
1649,828,21,5
1650,446,20,3
1651,343,48,4
1652,145,8,3
1653,65,36,3
1654,247,29,4
1655,735,42,1
1656,991,12,4
1657,490,14,1
1658,825,48,3
1659,439,50,1
1660,106,21,5
1661,181,22,4
1662,184,21,5
1663,226,44,3
1664,777,50,4
1665,790,30,3
1666,909,39,5
1667,89,20,3
1668,688,24,4
1669,530,23,4
1670,371,7,3
1671,972,9,4
1672,936,1,4
1673,913,26,3
1674,399,38,5
1675,106,38,4
1676,271,44,4
1677,975,22,4
1678,831,44,4
1679,503,10,3
1680,679,6,5
1681,525,17,5
1682,849,50,1
1683,32,38,4
1684,393,24,4
1685,40,10,1
1686,660,8,5
1687,218,21,2
1688,731,6,2
1689,981,21,5
1690,82,39,4
1691,845,24,2
1692,720,33,3
1693,201,18,3
1694,447,28,1
1695,844,32,5
1696,428,12,5
1697,38,48,2
1698,211,42,4
1699,444,27,5
1700,327,10,2
1701,761,46,2
1702,227,42,5
1703,48,32,2
1704,18,42,1
1705,912,26,1
1706,439,25,5
1707,807,11,4
1708,708,23,1
1709,187,34,1
1710,345,40,5
1711,224,23,3
1712,830,29,2
1713,488,31,1
1714,909,7,3
1715,877,40,4
1716,849,33,3
1717,229,21,5
1718,390,2,4
1719,979,18,4
1720,589,47,3
1721,188,33,5
1722,858,37,1
1723,270,34,3
1724,607,20,1
1725,310,35,3
1726,132,50,1
1727,551,18,3
1728,72,46,4
1729,793,24,2
1730,845,8,4
1731,672,30,1
1732,187,44,5
1733,486,10,4
1734,191,23,2
1735,422,49,1
1736,120,11,4
1737,220,2,3
1738,53,26,5
1739,734,36,1
1740,451,33,4
1741,412,47,1
1742,643,13,3
1743,237,40,2
1744,758,25,4
1745,738,4,1
1746,720,42,1
1747,406,19,1
1748,608,18,2
1749,422,37,1
1750,712,30,5
1751,247,19,5
1752,72,23,1
1753,830,16,5
1754,185,1,4
1755,6,12,5
1756,206,24,1
1757,544,34,3
1758,611,8,4
1759,906,18,2
1760,387,48,1
1761,768,5,2
1762,699,26,3
1763,76,30,2
1764,177,13,1
1765,827,19,1
1766,799,29,3
1767,349,3,1
1768,255,26,3
1769,837,40,3
1770,702,12,1
1771,308,2,5
1772,345,11,3
1773,127,44,1
1774,937,28,5
1775,287,18,3
1776,766,13,5
1777,725,37,4
1778,762,22,4
1779,596,12,5
1780,487,2,3
1781,383,37,1
1782,406,7,2
1783,388,26,1
1784,525,26,2
1785,557,24,2
1786,639,12,3
1787,938,16,5
1788,626,23,1
1789,945,40,5
1790,276,9,4
1791,500,32,3
1792,717,15,3
1793,337,37,4
1794,950,13,1
1795,932,5,4
1796,481,11,1
1797,897,10,2
1798,911,13,3
1799,973,41,1
1800,273,46,5
1801,920,50,5
1802,58,15,3
1803,328,42,4
1804,731,7,4
1805,109,40,1
1806,279,28,4
1807,686,32,3
1808,328,35,1
1809,776,15,2
1810,315,48,4
1811,474,36,4
1812,111,21,1
1813,699,6,5
1814,781,1,4
1815,935,4,3
1816,229,11,4
1817,497,44,2
1818,156,26,4
1819,473,37,5
1820,701,23,4
1821,272,29,1
1822,887,21,4
1823,2,48,5
1824,758,45,1
1825,722,45,3
1826,511,49,1
1827,913,27,2
1828,286,39,1
1829,871,40,3
1830,13,13,4
1831,608,23,1
1832,498,16,1
1833,733,30,1
1834,238,4,1
1835,94,40,3
1836,338,16,5
1837,781,31,5
1838,171,42,1
1839,981,25,3
1840,606,44,3
1841,661,12,1
1842,624,26,2
1843,567,37,1
1844,849,48,2
1845,936,33,1
1846,467,28,2
1847,628,9,2
1848,143,12,1
1849,201,5,2
1850,180,28,4
1851,714,35,5
1852,364,5,3
1853,479,34,2
1854,565,46,2
1855,471,34,3
1856,384,13,2
1857,692,39,3
1858,926,42,1
1859,417,45,4
1860,825,48,4
1861,308,14,5
1862,649,11,2
1863,694,42,5
1864,367,38,1
1865,1,4,4
1866,44,33,1
1867,739,7,1
1868,843,41,2
1869,98,8,1
1870,720,37,4
1871,265,10,5
1872,800,43,4
1873,783,15,2
1874,140,38,4
1875,481,15,3
1876,237,5,5
1877,974,29,3
1878,953,19,3
1879,904,10,2
1880,72,12,1
1881,667,4,3
1882,190,31,4
1883,268,18,1
1884,321,16,4
1885,107,40,4
1886,232,36,1
1887,42,25,1
1888,702,23,4
1889,883,12,2
1890,139,34,5
1891,615,36,5
1892,683,37,2
1893,863,3,1
1894,273,9,4
1895,481,18,5
1896,416,43,4
1897,506,35,2
1898,733,34,4
1899,725,41,2
1900,853,14,1
1901,424,4,2
1902,407,29,2
1903,568,41,5
1904,390,45,4
1905,342,50,5
1906,946,15,3
1907,614,28,2
1908,933,42,3
1909,493,16,5
1910,192,12,4
1911,499,5,5
1912,822,34,4
1913,712,42,4
1914,233,1,1
1915,945,39,2
1916,227,32,5
1917,371,26,4
1918,139,17,5
1919,856,48,5
1920,817,27,4
1921,149,24,3
1922,115,35,2
1923,450,46,2
1924,63,42,1
1925,104,39,1
1926,851,26,1
1927,871,49,2
1928,668,38,3
1929,273,23,2
1930,6,22,2
1931,147,4,2
1932,184,49,2
1933,998,9,3
1934,28,4,1
1935,962,7,5
1936,550,23,1
1937,119,2,1
1938,293,49,5
1939,371,24,2
1940,244,40,3
1941,580,31,3
1942,726,47,1
1943,218,31,5
1944,177,47,4
1945,299,40,2
1946,676,48,1
1947,58,43,3
1948,269,34,5
1949,308,24,5
1950,570,49,1
1951,288,26,4
1952,977,16,3
1953,105,47,1
1954,228,13,4
1955,247,15,5
1956,700,27,2
1957,494,4,3
1958,83,16,3
1959,186,30,4
1960,252,44,1
1961,355,30,5
1962,750,36,4
1963,872,3,2
1964,696,22,2
1965,796,49,2
1966,897,22,4
1967,938,50,5
1968,210,50,3
1969,816,49,1
1970,808,12,3
1971,609,21,5
1972,447,4,3
1973,460,31,4
1974,968,44,2
1975,472,31,5
1976,720,23,5
1977,370,20,3
1978,900,15,4
1979,934,23,3
1980,492,28,3
1981,923,16,5
1982,137,37,3
1983,367,21,2
1984,912,15,3
1985,184,17,2
1986,588,50,5
1987,287,37,4
1988,472,13,2
1989,375,19,4
1990,654,30,4
1991,749,45,2
1992,537,18,5
1993,511,14,1
1994,802,36,4
1995,579,36,4
1996,250,20,5
1997,920,19,5
1998,510,45,3
1999,630,44,5
2000,73,7,4
2001,282,44,2
2002,916,4,1
2003,960,34,3
2004,360,2,2
2005,10,5,1
2006,211,10,1
2007,835,32,1
2008,152,42,2
2009,5,41,3
2010,195,13,3
2011,954,39,1
2012,283,5,2
2013,464,10,1
2014,113,10,5
2015,271,38,3
2016,163,27,4
2017,460,21,1
2018,105,8,5
2019,693,1,3
2020,556,28,2
2021,282,49,3
2022,687,39,2
2023,162,14,2
2024,983,21,1
2025,351,30,1
2026,434,21,3
2027,852,49,5
2028,140,9,3
2029,471,17,4
2030,132,5,2
2031,87,31,2
2032,688,40,1
2033,183,38,5
2034,368,43,1
2035,129,19,4
2036,246,36,3
2037,601,50,3
2038,578,33,5
2039,670,13,1
2040,899,14,1
2041,378,33,4
2042,149,29,3
2043,985,43,1
2044,852,49,5
2045,433,36,3
2046,628,44,4
2047,726,10,5
2048,469,31,2
2049,446,6,4
2050,481,1,5
2051,884,7,1
2052,294,27,2
2053,765,21,4
2054,143,28,1
2055,250,16,2
2056,878,46,3
2057,948,23,1
2058,975,20,5
2059,302,38,4
2060,25,25,2
2061,789,28,1
2062,984,5,3
2063,889,21,4
2064,890,18,4
2065,901,47,1
2066,70,6,3
2067,625,29,2
2068,875,19,1
2069,112,33,2
2070,364,1,4
2071,303,45,2
2072,471,3,3
2073,964,42,5
2074,91,21,3
2075,530,35,2
2076,661,41,1
2077,988,40,4
2078,739,3,5
2079,726,25,1
2080,872,45,1
2081,663,38,3
2082,192,45,2
2083,963,20,3
2084,552,44,2
2085,242,45,3
2086,138,34,1
2087,345,21,4
2088,180,48,2
2089,712,23,5
2090,503,6,5
2091,203,13,1
2092,573,49,3
2093,192,23,3
2094,5,9,1
2095,890,17,5
2096,237,2,5
2097,693,19,3
2098,311,19,2
2099,549,7,4
2100,56,42,2
2101,443,42,5
2102,237,20,2
2103,870,9,4
2104,861,17,2
2105,197,27,2
2106,585,47,2
2107,571,2,2
2108,752,36,1
2109,514,19,5
2110,449,17,4
2111,360,5,5
2112,700,39,1
2113,819,18,1
2114,30,7,1
2115,779,17,1
2116,988,39,2
2117,108,36,5
2118,844,40,3
2119,935,45,4
2120,602,4,1
2121,717,38,5
2122,891,25,1
2123,968,5,1
2124,959,30,1
2125,960,12,1
2126,445,4,1
2127,893,24,4
2128,438,29,5
2129,732,9,1
2130,890,4,1
2131,606,24,1
2132,457,14,1
2133,615,5,2
2134,735,18,2
2135,698,42,3
2136,981,19,1
2137,696,12,3
2138,495,18,4
2139,674,17,3
2140,247,30,5
2141,543,24,2
2142,564,11,2
2143,857,35,1
2144,588,23,1
2145,897,17,4
2146,439,1,4
2147,278,15,5
2148,552,32,1
2149,613,9,1
2150,111,15,4
2151,385,28,4
2152,833,24,4
2153,761,35,2
2154,191,22,3
2155,490,27,3
2156,694,19,1
2157,426,45,2
2158,405,12,4
2159,335,20,1
2160,209,1,2
2161,22,21,5
2162,678,49,2
2163,611,45,1
2164,208,1,3
2165,8,10,4
2166,702,47,5
2167,687,32,2
2168,785,39,1
2169,529,22,1
2170,602,18,4
2171,653,48,1
2172,657,46,1
2173,166,32,4
2174,849,27,5
2175,496,28,3
2176,590,18,3
2177,429,39,2
2178,774,49,5
2179,163,29,2
2180,366,18,3
2181,526,44,4
2182,239,8,1
2183,72,31,3
2184,445,34,5
2185,655,7,3
2186,822,36,5
2187,509,18,5
2188,795,38,5
2189,269,9,2
2190,753,9,4
2191,415,46,3
2192,245,8,4
2193,675,35,1
2194,60,18,3
2195,6,5,4
2196,709,14,4
2197,982,28,1
2198,570,30,5
2199,817,4,3
2200,407,39,3
2201,217,20,1
2202,930,25,5
2203,26,28,3
2204,815,12,3
2205,5,2,3
2206,986,43,5
2207,532,14,1
2208,390,22,3
2209,710,31,4
2210,571,23,5
2211,448,48,2
2212,754,20,1
2213,146,38,4
2214,388,4,3
2215,785,15,2
2216,249,24,1
2217,526,25,5
2218,462,1,2
2219,13,7,2
2220,903,31,4
2221,384,12,1
2222,556,42,4
2223,887,5,4
2224,399,44,3
2225,19,50,5
2226,575,42,2
2227,491,38,1
2228,751,12,5
2229,419,39,5
2230,337,18,1
2231,419,2,5
2232,915,10,3
2233,916,15,5
2234,612,30,3
2235,675,44,2
2236,928,17,2
2237,122,4,4
2238,432,7,3
2239,44,41,2
2240,872,31,5
2241,920,39,1
2242,317,34,1
2243,381,6,3
2244,145,50,4
2245,327,38,5
2246,363,45,3
2247,50,34,1
2248,65,44,3
2249,355,15,5
2250,800,14,2
2251,164,6,5
2252,141,50,2
2253,966,37,2
2254,826,50,2
2255,128,32,3
2256,398,3,1
2257,933,3,3
2258,880,22,1
2259,463,22,5
2260,751,10,4
2261,836,3,5
2262,808,12,3
2263,187,29,3
2264,720,48,1
2265,732,17,3
2266,912,7,2
2267,190,13,3
2268,388,2,1
2269,429,4,1
2270,858,10,2
2271,284,39,1
2272,864,24,4
2273,237,17,5
2274,194,6,3
2275,287,19,4
2276,771,5,3
2277,758,32,4
2278,136,10,3
2279,792,9,2
2280,783,27,1
2281,171,13,1
2282,159,19,2
2283,201,21,4
2284,487,24,5
2285,557,38,4
2286,962,4,1
2287,776,24,5
2288,583,35,3
2289,504,3,5
2290,876,4,4
2291,371,37,2
2292,103,40,3
2293,125,48,4
2294,313,35,3
2295,976,31,5
2296,995,44,1
2297,798,25,4
2298,458,40,2
2299,230,13,5
2300,658,4,4
2301,882,46,2
2302,197,14,4
2303,885,13,5
2304,733,27,4
2305,423,6,3
2306,572,17,5
2307,610,36,4
2308,171,40,1
2309,382,49,4
2310,173,35,3
2311,663,17,2
2312,453,41,2
2313,350,2,2
2314,902,13,1
2315,952,2,3
2316,634,28,5
2317,494,43,2
2318,620,26,3
2319,4,22,4
2320,93,47,1
2321,919,43,3
2322,6,3,3
2323,288,35,5
2324,618,12,3
2325,146,24,5
2326,783,5,1
2327,424,20,1
2328,890,39,4
2329,608,39,5
2330,457,13,5
2331,741,41,2
2332,202,45,2
2333,212,12,4
2334,6,13,1
2335,624,10,2
2336,376,33,3
2337,891,40,1
2338,447,16,3
2339,835,45,5
2340,106,35,1
2341,651,3,4
2342,811,5,5
2343,401,26,5
2344,96,11,3
2345,388,7,5
2346,959,10,2
2347,452,42,1
2348,849,34,2
2349,809,3,3
2350,979,8,3
2351,901,31,1
2352,416,11,5
2353,726,45,4
2354,504,7,3
2355,454,45,1
2356,291,2,4
2357,534,6,5
2358,193,41,3
2359,980,32,1
2360,150,20,1
2361,880,34,1
2362,759,50,3
2363,779,16,4
2364,973,25,1
2365,763,12,5
2366,515,7,1
2367,393,39,4
2368,316,17,3
2369,76,45,1
2370,599,11,1
2371,270,6,5
2372,225,23,5
2373,530,27,1
2374,113,46,1
2375,251,6,5
2376,233,38,4
2377,841,2,2
2378,791,22,2
2379,714,20,1
2380,83,25,5
2381,125,15,3
2382,175,49,3
2383,69,29,2
2384,47,8,4
2385,884,37,2
2386,256,49,1
2387,727,33,4
2388,30,22,3
2389,281,50,5
2390,924,47,5
2391,994,5,1
2392,237,39,2
2393,248,18,1
2394,368,38,5
2395,495,37,3
2396,25,30,5
2397,586,31,4
2398,718,10,5
2399,490,15,5
2400,494,42,4
2401,314,48,2
2402,606,44,5
2403,375,18,1
2404,639,23,5
2405,937,33,1
2406,25,16,4
2407,334,38,5
2408,355,35,4
2409,116,34,4
2410,48,28,2
2411,738,2,5
2412,778,30,1
2413,99,13,1
2414,459,41,5
2415,523,16,2
2416,597,5,2
2417,405,28,2
2418,214,39,1
2419,685,45,4
2420,903,20,2
2421,503,24,1
2422,721,27,1
2423,448,30,4
2424,894,45,5
2425,576,27,5
2426,258,26,2
2427,844,7,2
2428,121,42,4
2429,810,47,2
2430,978,38,4
2431,54,5,1
2432,331,23,2
2433,784,28,1
2434,241,34,3
2435,755,15,4
2436,530,32,3
2437,483,26,2
2438,187,48,1
2439,858,31,2
2440,656,19,3
2441,262,9,2
2442,953,29,5
2443,364,39,3
2444,491,4,2
2445,431,3,1
2446,239,29,2
2447,304,11,1
2448,298,33,5
2449,76,38,2
2450,700,11,5
2451,333,27,3
2452,900,33,1
2453,999,21,3
2454,758,39,1
2455,642,31,5
2456,474,38,4
2457,827,46,2
2458,923,2,5
2459,283,27,1
2460,591,36,1
2461,72,11,1
2462,263,47,1
2463,703,18,2
2464,879,1,3
2465,887,35,4
2466,942,35,2
2467,575,31,1
2468,1000,28,2
2469,892,39,5
2470,12,1,1
2471,141,25,4
2472,766,43,1
2473,555,38,4
2474,17,20,4
2475,63,3,3
2476,253,2,3
2477,465,18,2
2478,376,44,2
2479,804,10,4
2480,981,5,1
2481,520,9,5
2482,837,2,5
2483,90,34,1
2484,720,38,1
2485,804,31,3
2486,796,10,5
2487,630,50,4
2488,861,12,2
2489,175,36,3
2490,76,21,5
2491,613,49,1
2492,926,47,5
2493,663,6,4
2494,400,48,3
2495,782,49,1
2496,970,3,4
2497,71,10,2
2498,180,5,3
2499,124,46,4
2500,381,26,4
